{
  "users": {
    "6288216153331@s.whatsapp.net": {
      "premiumTime": 0,
      "premium": false
    },
    "601118979616@s.whatsapp.net": {
      "premiumTime": 0,
      "premium": false
    },
    "6283171492561@s.whatsapp.net": {
      "premiumTime": 0,
      "premium": false
    },
    "6283890875133@s.whatsapp.net": {
      "premiumTime": 0,
      "premium": false
    },
    "6285692508098@s.whatsapp.net": {
      "premiumTime": 0,
      "premium": false
    },
    "6285809388803@s.whatsapp.net": {
      "premiumTime": 0,
      "premium": false
    },
    "6289602541152@s.whatsapp.net": {
      "premiumTime": 0,
      "premium": false
    },
    "6285727819741@s.whatsapp.net": {
      "premiumTime": 0,
      "premium": false
    },
    "6283898204345@s.whatsapp.net": {
      "premiumTime": 0,
      "premium": false
    },
    "6289518928221@s.whatsapp.net": {
      "premiumTime": 0,
      "premium": false
    },
    "6282225072408@s.whatsapp.net": {
      "premiumTime": 0,
      "premium": false
    },
    "254703726139@s.whatsapp.net": {
      "premiumTime": 0,
      "premium": false
    },
    "628812454879@s.whatsapp.net": {
      "premiumTime": 0,
      "premium": false
    },
    "6285737628188@s.whatsapp.net": {
      "premiumTime": 0,
      "premium": false
    },
    "62858946571342@s.whatsapp.net": {
      "premiumTime": 0,
      "premium": false
    },
    "6283102099445@s.whatsapp.net": {
      "premiumTime": 0,
      "premium": false
    },
    "6282256852181@s.whatsapp.net": {
      "premiumTime": 0,
      "premium": false
    },
    "6281214954323@s.whatsapp.net": {
      "premiumTime": 0,
      "premium": false
    },
    "6281392382101@s.whatsapp.net": {
      "premiumTime": 0,
      "premium": false
    },
    "120363334823810988@newsletter": {
      "premiumTime": 0,
      "premium": false
    },
    "62887437533988@s.whatsapp.net": {
      "premiumTime": 0,
      "premium": false
    },
    "6285141370204@s.whatsapp.net": {
      "premiumTime": 0,
      "premium": false
    },
    "6283840095883@s.whatsapp.net": {
      "premiumTime": 0,
      "premium": false
    },
    "6285921432812@s.whatsapp.net": {
      "premiumTime": 0,
      "premium": false
    },
    "6285624763201@s.whatsapp.net": {
      "premiumTime": 0,
      "premium": false
    },
    "6281361515191@s.whatsapp.net": {
      "premiumTime": 0,
      "premium": false
    },
    "6289502936312@s.whatsapp.net": {
      "premiumTime": 0,
      "premium": false
    },
    "6285366921711@s.whatsapp.net": {
      "premiumTime": 0,
      "premium": false
    },
    "6282291486339@s.whatsapp.net": {
      "premiumTime": 0,
      "premium": false
    },
    "628988097742@s.whatsapp.net": {
      "premiumTime": 0,
      "premium": false
    },
    "6287823341524@s.whatsapp.net": {
      "premiumTime": 0,
      "premium": false
    },
    "6283854323155@s.whatsapp.net": {
      "premiumTime": 0,
      "premium": false
    },
    "6285709015817@s.whatsapp.net": {
      "premiumTime": 0,
      "premium": false
    },
    "6283848301116@s.whatsapp.net": {
      "premiumTime": 0,
      "premium": false
    },
    "6287824698392@s.whatsapp.net": {
      "premiumTime": 0,
      "premium": false
    },
    "6285198590786@s.whatsapp.net": {
      "premiumTime": 0,
      "premium": false
    },
    "6285250920842@s.whatsapp.net": {
      "premiumTime": 0,
      "premium": false
    },
    "6282311759180@s.whatsapp.net": {
      "premiumTime": 0,
      "premium": false
    },
    "6282210805454@s.whatsapp.net": {
      "premiumTime": 0,
      "premium": false
    },
    "6285821841518@s.whatsapp.net": {
      "premiumTime": 0,
      "premium": false
    },
    "6283113264512@s.whatsapp.net": {
      "premiumTime": 0,
      "premium": false
    },
    "120363345010908708@newsletter": {
      "premiumTime": 0,
      "premium": false
    },
    "6282278634237@s.whatsapp.net": {
      "premiumTime": 0,
      "premium": false
    },
    "6283137833804@s.whatsapp.net": {
      "premiumTime": 0,
      "premium": false
    },
    "6283151034415@s.whatsapp.net": {
      "premiumTime": 0,
      "premium": false
    },
    "6283123415318@s.whatsapp.net": {
      "premiumTime": 0,
      "premium": false
    },
    "6287891201522@s.whatsapp.net": {
      "premiumTime": 0,
      "premium": false
    },
    "6285176708678@s.whatsapp.net": {
      "premiumTime": 0,
      "premium": false
    },
    "6288271771501@s.whatsapp.net": {
      "premiumTime": 0,
      "premium": false
    },
    "6288286148077@s.whatsapp.net": {
      "premiumTime": 0,
      "premium": false
    },
    "6282123771265@s.whatsapp.net": {
      "premiumTime": 0,
      "premium": false
    },
    "6281351692548@s.whatsapp.net": {
      "premiumTime": 0,
      "premium": false
    },
    "6282323666124@s.whatsapp.net": {
      "premiumTime": 0,
      "premium": false
    },
    "6283895883216@s.whatsapp.net": {
      "premiumTime": 0,
      "premium": false
    },
    "62882020200336@s.whatsapp.net": {
      "premiumTime": 0,
      "premium": false
    },
    "628974669276@s.whatsapp.net": {
      "premiumTime": 0,
      "premium": false
    },
    "62895806115030@s.whatsapp.net": {
      "premiumTime": 0,
      "premium": false
    },
    "6283194451891@s.whatsapp.net": {
      "premiumTime": 0,
      "premium": false
    },
    "6289520265267@s.whatsapp.net": {
      "premiumTime": 0,
      "premium": false
    },
    "6282162542031@s.whatsapp.net": {
      "premiumTime": 0,
      "premium": false
    },
    "120363297314470847@newsletter": {
      "premiumTime": 0,
      "premium": false
    },
    "120363318521671268@newsletter": {
      "premiumTime": 0,
      "premium": false
    },
    "120363315518781728@newsletter": {
      "premiumTime": 0,
      "premium": false
    },
    "6288706329333@s.whatsapp.net": {
      "premiumTime": 0,
      "premium": false
    },
    "120363385220231040@newsletter": {
      "premiumTime": 0,
      "premium": false
    },
    "601118955948@s.whatsapp.net": {
      "premiumTime": 0,
      "premium": false
    },
    "6285604397665@s.whatsapp.net": {
      "premiumTime": 0,
      "premium": false
    },
    "6283873610333@s.whatsapp.net": {
      "premiumTime": 0,
      "premium": false
    },
    "6288295655226@s.whatsapp.net": {
      "premiumTime": 0,
      "premium": false
    },
    "62882020804531@s.whatsapp.net": {
      "premiumTime": 0,
      "premium": false
    },
    "6282197682807@s.whatsapp.net": {
      "premiumTime": 0,
      "premium": false
    },
    "6287722642867@s.whatsapp.net": {
      "premiumTime": 0,
      "premium": false
    },
    "6282220038418@s.whatsapp.net": {
      "premiumTime": 0,
      "premium": false
    },
    "628311824272@s.whatsapp.net": {
      "premiumTime": 0,
      "premium": false
    },
    "6285764567510@s.whatsapp.net": {
      "premiumTime": 0,
      "premium": false
    },
    "6285166334412@s.whatsapp.net": {
      "premiumTime": 0,
      "premium": false
    },
    "6285894151248@s.whatsapp.net": {
      "premiumTime": 0,
      "premium": false
    },
    "6282241642061@s.whatsapp.net": {
      "premiumTime": 0,
      "premium": false
    },
    "120363381288267213@newsletter": {
      "premiumTime": 0,
      "premium": false
    },
    "6287861402558@s.whatsapp.net": {
      "premiumTime": 0,
      "premium": false
    },
    "6283847521917@s.whatsapp.net": {
      "premiumTime": 0,
      "premium": false
    },
    "62881027936115@s.whatsapp.net": {
      "premiumTime": 0,
      "premium": false
    },
    "6281292637702@s.whatsapp.net": {
      "premiumTime": 0,
      "premium": false
    },
    "6289612786395@s.whatsapp.net": {
      "premiumTime": 0,
      "premium": false
    },
    "6282272837107@s.whatsapp.net": {
      "premiumTime": 0,
      "premium": false
    },
    "6289526709670@s.whatsapp.net": {
      "premiumTime": 0,
      "premium": false
    },
    "6283867448495@s.whatsapp.net": {
      "premiumTime": 0,
      "premium": false
    },
    "6287823358993@s.whatsapp.net": {
      "premiumTime": 0,
      "premium": false
    },
    "6285333560949@s.whatsapp.net": {
      "premiumTime": 0,
      "premium": false
    },
    "6285712358286@s.whatsapp.net": {
      "premiumTime": 0,
      "premium": false
    },
    "6285262105013@s.whatsapp.net": {
      "premiumTime": 0,
      "premium": false
    },
    "6282319699080@s.whatsapp.net": {
      "premiumTime": 0,
      "premium": false
    },
    "62895631844334@s.whatsapp.net": {
      "premiumTime": 0,
      "premium": false
    },
    "6285727264161@s.whatsapp.net": {
      "premiumTime": 0,
      "premium": false
    },
    "6281360170827@s.whatsapp.net": {
      "premiumTime": 0,
      "premium": false
    },
    "6285820322049@s.whatsapp.net": {
      "premiumTime": 0,
      "premium": false
    },
    "6285783478720@s.whatsapp.net": {
      "premiumTime": 0,
      "premium": false
    },
    "120363335989645846@newsletter": {
      "premiumTime": 0,
      "premium": false
    },
    "6288216296735@s.whatsapp.net": {
      "premiumTime": 0,
      "premium": false
    },
    "6288802609961@s.whatsapp.net": {
      "premiumTime": 0,
      "premium": false
    },
    "628563851464@s.whatsapp.net": {
      "premiumTime": 0,
      "premium": false
    },
    "6285960625531@s.whatsapp.net": {
      "premiumTime": 0,
      "premium": false
    },
    "120363371073997528@newsletter": {
      "premiumTime": 0,
      "premium": false
    },
    "6283872466257@s.whatsapp.net": {
      "premiumTime": 0,
      "premium": false
    },
    "62895426660701@s.whatsapp.net": {
      "premiumTime": 0,
      "premium": false
    },
    "6283113038008@s.whatsapp.net": {
      "premiumTime": 0,
      "premium": false
    },
    "6289518303639@s.whatsapp.net": {
      "premiumTime": 0,
      "premium": false
    },
    "6283897728330@s.whatsapp.net": {
      "premiumTime": 0,
      "premium": false
    },
    "6283829991149@s.whatsapp.net": {
      "premiumTime": 0,
      "premium": false
    },
    "6289673991852@s.whatsapp.net": {
      "premiumTime": 0,
      "premium": false
    },
    "6285271807574@s.whatsapp.net": {
      "premiumTime": 0,
      "premium": false
    },
    "6283822831216@s.whatsapp.net": {
      "premiumTime": 0,
      "premium": false
    },
    "6285831510665@s.whatsapp.net": {
      "premiumTime": 0,
      "premium": false
    },
    "6285783403117@s.whatsapp.net": {
      "premiumTime": 0,
      "premium": false
    },
    "6285890161431@s.whatsapp.net": {
      "premiumTime": 0,
      "premium": false
    },
    "6282128511058@s.whatsapp.net": {
      "premiumTime": 0,
      "premium": false
    },
    "120363302300391738@newsletter": {
      "premiumTime": 0,
      "premium": false
    },
    "6285184491004@s.whatsapp.net": {
      "premiumTime": 0,
      "premium": false
    },
    "6285793570416@s.whatsapp.net": {
      "premiumTime": 0,
      "premium": false
    },
    "6281573077870@s.whatsapp.net": {
      "premiumTime": 0,
      "premium": false
    },
    "6283826199309@s.whatsapp.net": {
      "premiumTime": 0,
      "premium": false
    },
    "6285710657639@s.whatsapp.net": {
      "premiumTime": 0,
      "premium": false
    },
    "6285716638143@s.whatsapp.net": {
      "premiumTime": 0,
      "premium": false
    },
    "62895344043344@s.whatsapp.net": {
      "premiumTime": 0,
      "premium": false
    },
    "6281545992756@s.whatsapp.net": {
      "premiumTime": 0,
      "premium": false
    },
    "6285920329640@s.whatsapp.net": {
      "premiumTime": 0,
      "premium": false
    },
    "6282350528468@s.whatsapp.net": {
      "premiumTime": 0,
      "premium": false
    },
    "6285157085211@s.whatsapp.net": {
      "premiumTime": 0,
      "premium": false
    },
    "6283874935950@s.whatsapp.net": {
      "premiumTime": 0,
      "premium": false
    },
    "6289699660741@s.whatsapp.net": {
      "premiumTime": 0,
      "premium": false
    },
    "6283845279839@s.whatsapp.net": {
      "premiumTime": 0,
      "premium": false
    },
    "6289605572828@s.whatsapp.net": {
      "premiumTime": 0,
      "premium": false
    },
    "6285322031698@s.whatsapp.net": {
      "premiumTime": 0,
      "premium": false
    },
    "558699709231@s.whatsapp.net": {
      "premiumTime": 0,
      "premium": false
    },
    "6282328013583@s.whatsapp.net": {
      "premiumTime": 0,
      "premium": false
    },
    "6285708152037@s.whatsapp.net": {
      "premiumTime": 0,
      "premium": false
    },
    "6283840078059@s.whatsapp.net": {
      "premiumTime": 0,
      "premium": false
    },
    "62882006287214@s.whatsapp.net": {
      "premiumTime": 0,
      "premium": false
    },
    "6283145732334@s.whatsapp.net": {
      "premiumTime": 0,
      "premium": false
    },
    "6287856855077@s.whatsapp.net": {
      "premiumTime": 0,
      "premium": false
    },
    "6281242969388@s.whatsapp.net": {
      "premiumTime": 0,
      "premium": false
    },
    "6281216814249@s.whatsapp.net": {
      "premiumTime": 0,
      "premium": false
    },
    "6282193230989@s.whatsapp.net": {
      "premiumTime": 0,
      "premium": false
    },
    "6285711351328@s.whatsapp.net": {
      "premiumTime": 0,
      "premium": false
    },
    "6282276717494@s.whatsapp.net": {
      "premiumTime": 0,
      "premium": false
    },
    "62882005165329@s.whatsapp.net": {
      "premiumTime": 0,
      "premium": false
    },
    "6281263248300@s.whatsapp.net": {
      "premiumTime": 0,
      "premium": false
    },
    "6287829682554@s.whatsapp.net": {
      "premiumTime": 0,
      "premium": false
    },
    "6281233734218@s.whatsapp.net": {
      "premiumTime": 0,
      "premium": false
    },
    "6283181003249@s.whatsapp.net": {
      "premiumTime": 0,
      "premium": false
    },
    "6285363616340@s.whatsapp.net": {
      "premiumTime": 0,
      "premium": false
    },
    "6282142650492@s.whatsapp.net": {
      "premiumTime": 0,
      "premium": false
    },
    "6281528535194@s.whatsapp.net": {
      "premiumTime": 0,
      "premium": false
    },
    "6285213587229@s.whatsapp.net": {
      "premiumTime": 0,
      "premium": false
    },
    "6289507162175@s.whatsapp.net": {
      "premiumTime": 0,
      "premium": false
    },
    "6285720918759@s.whatsapp.net": {
      "premiumTime": 0,
      "premium": false
    },
    "6287772160789@s.whatsapp.net": {
      "premiumTime": 0,
      "premium": false
    },
    "6285216197676@s.whatsapp.net": {
      "premiumTime": 0,
      "premium": false
    },
    "6282285270279@s.whatsapp.net": {
      "premiumTime": 0,
      "premium": false
    },
    "6285706838919@s.whatsapp.net": {
      "premiumTime": 0,
      "premium": false
    },
    "6283199067307@s.whatsapp.net": {
      "premiumTime": 0,
      "premium": false
    },
    "6281539256815@s.whatsapp.net": {
      "premiumTime": 0,
      "premium": false
    },
    "62887435113636@s.whatsapp.net": {
      "premiumTime": 0,
      "premium": false
    },
    "6281371593769@s.whatsapp.net": {
      "premiumTime": 0,
      "premium": false
    },
    "6285805338638@s.whatsapp.net": {
      "premiumTime": 0,
      "premium": false
    },
    "6283845275988@s.whatsapp.net": {
      "premiumTime": 0,
      "premium": false
    },
    "6285167388349@s.whatsapp.net": {
      "premiumTime": 0,
      "premium": false
    },
    "6281274904423@s.whatsapp.net": {
      "premiumTime": 0,
      "premium": false
    },
    "6283870002528@s.whatsapp.net": {
      "premiumTime": 0,
      "premium": false
    },
    "62856964114696@s.whatsapp.net": {
      "premiumTime": 0,
      "premium": false
    },
    "6285275470422@s.whatsapp.net": {
      "premiumTime": 0,
      "premium": false
    },
    "6283180211182@s.whatsapp.net": {
      "premiumTime": 0,
      "premium": false
    },
    "6283894819960@s.whatsapp.net": {
      "premiumTime": 0,
      "premium": false
    },
    "6289630503210@s.whatsapp.net": {
      "premiumTime": 0,
      "premium": false
    },
    "6289630503242@s.whatsapp.net": {
      "premiumTime": 0,
      "premium": false
    },
    "628983602080@s.whatsapp.net": {
      "premiumTime": 0,
      "premium": false
    },
    "6281361988244@s.whatsapp.net": {
      "premiumTime": 0,
      "premium": false
    },
    "628996244777@s.whatsapp.net": {
      "premiumTime": 0,
      "premium": false
    },
    "6289510343097@s.whatsapp.net": {
      "premiumTime": 0,
      "premium": false
    },
    "6285378724705@s.whatsapp.net": {
      "premiumTime": 0,
      "premium": false
    },
    "6288218079700@s.whatsapp.net": {
      "premiumTime": 0,
      "premium": false
    },
    "62895414379243@s.whatsapp.net": {
      "premiumTime": 0,
      "premium": false
    },
    "628978677039@s.whatsapp.net": {
      "premiumTime": 0,
      "premium": false
    },
    "62882007829931@s.whatsapp.net": {
      "premiumTime": 0,
      "premium": false
    },
    "6285768289549@s.whatsapp.net": {
      "premiumTime": 0,
      "premium": false
    },
    "6289520043816@s.whatsapp.net": {
      "premiumTime": 0,
      "premium": false
    },
    "6288902820895@s.whatsapp.net": {
      "premiumTime": 0,
      "premium": false
    },
    "62895410816404@s.whatsapp.net": {
      "premiumTime": 0,
      "premium": false
    },
    "6283145694948@s.whatsapp.net": {
      "premiumTime": 0,
      "premium": false
    },
    "6281568315348@s.whatsapp.net": {
      "premiumTime": 0,
      "premium": false
    },
    "6281249093297@s.whatsapp.net": {
      "premiumTime": 0,
      "premium": false
    },
    "6282123696413@s.whatsapp.net": {
      "premiumTime": 0,
      "premium": false
    },
    "6285879703157@s.whatsapp.net": {
      "premiumTime": 0,
      "premium": false
    },
    "6288225235657@s.whatsapp.net": {
      "premiumTime": 0,
      "premium": false
    },
    "6285822528358@s.whatsapp.net": {
      "premiumTime": 0,
      "premium": false
    },
    "6285782080387@s.whatsapp.net": {
      "premiumTime": 0,
      "premium": false
    },
    "6283892061093@s.whatsapp.net": {
      "premiumTime": 0,
      "premium": false
    },
    "6285270524495@s.whatsapp.net": {
      "premiumTime": 0,
      "premium": false
    },
    "6285176915043@s.whatsapp.net": {
      "premiumTime": 0,
      "premium": false
    },
    "62895323092443@s.whatsapp.net": {
      "premiumTime": 0,
      "premium": false
    },
    "6283116555026@s.whatsapp.net": {
      "premiumTime": 0,
      "premium": false
    },
    "6285355342179@s.whatsapp.net": {
      "premiumTime": 0,
      "premium": false
    },
    "6283830669464@s.whatsapp.net": {
      "premiumTime": 0,
      "premium": false
    },
    "6285134530288@s.whatsapp.net": {
      "premiumTime": 0,
      "premium": false
    },
    "6285137487994@s.whatsapp.net": {
      "premiumTime": 0,
      "premium": false
    },
    "6281274166297@s.whatsapp.net": {
      "premiumTime": 0,
      "premium": false
    },
    "6285748533018@s.whatsapp.net": {
      "premiumTime": 0,
      "premium": false
    },
    "62895334445910@s.whatsapp.net": {
      "premiumTime": 0,
      "premium": false
    },
    "6285212227533@s.whatsapp.net": {
      "premiumTime": 0,
      "premium": false
    },
    "6283834052760@s.whatsapp.net": {
      "premiumTime": 0,
      "premium": false
    },
    "6285607830083@s.whatsapp.net": {
      "premiumTime": 0,
      "premium": false
    },
    "6283126547289@s.whatsapp.net": {
      "premiumTime": 0,
      "premium": false
    },
    "62881024086551@s.whatsapp.net": {
      "premiumTime": 0,
      "premium": false
    },
    "6281267397363@s.whatsapp.net": {
      "premiumTime": 0,
      "premium": false
    },
    "6285136063803@s.whatsapp.net": {
      "premiumTime": 0,
      "premium": false
    },
    "6285198622453@s.whatsapp.net": {
      "premiumTime": 0,
      "premium": false
    },
    "6285727763935@s.whatsapp.net": {
      "premiumTime": 0,
      "premium": false
    },
    "6285767064911@s.whatsapp.net": {
      "premiumTime": 0,
      "premium": false
    },
    "628811456039@s.whatsapp.net": {
      "premiumTime": 0,
      "premium": false
    },
    "6287729982963@s.whatsapp.net": {
      "premiumTime": 0,
      "premium": false
    },
    "6283891475720@s.whatsapp.net": {
      "premiumTime": 0,
      "premium": false
    },
    "601139544958@s.whatsapp.net": {
      "premiumTime": 0,
      "premium": false
    },
    "6281936494414@s.whatsapp.net": {
      "premiumTime": 0,
      "premium": false
    },
    "6281217570314@s.whatsapp.net": {
      "premiumTime": 0,
      "premium": false
    },
    "6287739733778@s.whatsapp.net": {
      "premiumTime": 0,
      "premium": false
    },
    "62895401022763@s.whatsapp.net": {
      "premiumTime": 0,
      "premium": false
    },
    "6282229561219@s.whatsapp.net": {
      "premiumTime": 0,
      "premium": false
    },
    "6283129273340@s.whatsapp.net": {
      "premiumTime": 0,
      "premium": false
    },
    "6285792874515@s.whatsapp.net": {
      "premiumTime": 0,
      "premium": false
    },
    "6289691955508@s.whatsapp.net": {
      "premiumTime": 0,
      "premium": false
    },
    "6285754552489@s.whatsapp.net": {
      "premiumTime": 0,
      "premium": false
    },
    "628989302642@s.whatsapp.net": {
      "premiumTime": 0,
      "premium": false
    },
    "6285606916537@s.whatsapp.net": {
      "premiumTime": 0,
      "premium": false
    },
    "6283837119099@s.whatsapp.net": {
      "premiumTime": 0,
      "premium": false
    },
    "6282226639141@s.whatsapp.net": {
      "premiumTime": 0,
      "premium": false
    },
    "6282390991795@s.whatsapp.net": {
      "premiumTime": 0,
      "premium": false
    },
    "6283143441925@s.whatsapp.net": {
      "premiumTime": 0,
      "premium": false
    },
    "6283846369296@s.whatsapp.net": {
      "premiumTime": 0,
      "premium": false
    },
    "6285137185436@s.whatsapp.net": {
      "premiumTime": 0,
      "premium": false
    },
    "6285811390863@s.whatsapp.net": {
      "premiumTime": 0,
      "premium": false
    },
    "6282185047898@s.whatsapp.net": {
      "premiumTime": 0,
      "premium": false
    },
    "2250500664998@s.whatsapp.net": {
      "premiumTime": 0,
      "premium": false
    },
    "254104245659@s.whatsapp.net": {
      "premiumTime": 0,
      "premium": false
    },
    "62895800960306@s.whatsapp.net": {
      "premiumTime": 0,
      "premium": false
    },
    "6283140151583@s.whatsapp.net": {
      "premiumTime": 0,
      "premium": false
    },
    "6283896690167@s.whatsapp.net": {
      "premiumTime": 0,
      "premium": false
    },
    "6285664839702@s.whatsapp.net": {
      "premiumTime": 0,
      "premium": false
    },
    "6282220497475@s.whatsapp.net": {
      "premiumTime": 0,
      "premium": false
    },
    "6283839387687@s.whatsapp.net": {
      "premiumTime": 0,
      "premium": false
    },
    "6285823062017@s.whatsapp.net": {
      "premiumTime": 0,
      "premium": false
    },
    "6283861902698@s.whatsapp.net": {
      "premiumTime": 0,
      "premium": false
    },
    "6289516829372@s.whatsapp.net": {
      "premiumTime": 0,
      "premium": false
    },
    "6282130050406@s.whatsapp.net": {
      "premiumTime": 0,
      "premium": false
    },
    "6281933953420@s.whatsapp.net": {
      "premiumTime": 0,
      "premium": false
    },
    "6287895036120@s.whatsapp.net": {
      "premiumTime": 0,
      "premium": false
    },
    "48459072155@s.whatsapp.net": {
      "premiumTime": 0,
      "premium": false
    },
    "6288295256049@s.whatsapp.net": {
      "premiumTime": 0,
      "premium": false
    },
    "6281235056126@s.whatsapp.net": {
      "premiumTime": 0,
      "premium": false
    },
    "60145408220@s.whatsapp.net": {
      "premiumTime": 0,
      "premium": false
    },
    "6282246552663@s.whatsapp.net": {
      "premiumTime": 0,
      "premium": false
    },
    "6281293212267@s.whatsapp.net": {
      "premiumTime": 0,
      "premium": false
    },
    "60177881824@s.whatsapp.net": {
      "premiumTime": 0,
      "premium": false
    },
    "6287873782073@s.whatsapp.net": {
      "premiumTime": 0,
      "premium": false
    },
    "6289510739656@s.whatsapp.net": {
      "premiumTime": 0,
      "premium": false
    },
    "6281287482531@s.whatsapp.net": {
      "premiumTime": 0,
      "premium": false
    },
    "6285879581278@s.whatsapp.net": {
      "premiumTime": 0,
      "premium": false
    },
    "2348054470353@s.whatsapp.net": {
      "premiumTime": 0,
      "premium": false
    },
    "558596880359@s.whatsapp.net": {
      "premiumTime": 0,
      "premium": false
    },
    "120363311005764445@newsletter": {
      "premiumTime": 0,
      "premium": false
    },
    "6281396999121@s.whatsapp.net": {
      "premiumTime": 0,
      "premium": false
    },
    "120363344726756205@newsletter": {
      "premiumTime": 0,
      "premium": false
    },
    "120363359215722322@newsletter": {
      "premiumTime": 0,
      "premium": false
    },
    "120363213246579218@newsletter": {
      "premiumTime": 0,
      "premium": false
    },
    "120363333089368399@newsletter": {
      "premiumTime": 0,
      "premium": false
    },
    "120363262567524614@newsletter": {
      "premiumTime": 0,
      "premium": false
    }
  },
  "chats": {
    "120363330252997993@g.us": {},
    "601118979616@s.whatsapp.net": {},
    "120363231323997987@g.us": {},
    "120363370626418572@g.us": {},
    "120363334462015235@g.us": {},
    "919874964994-1625807235@g.us": {},
    "120363334823810988@newsletter": {},
    "6281361515191@s.whatsapp.net": {},
    "120363327162263607@g.us": {},
    "120363345010908708@newsletter": {},
    "6283151034415@s.whatsapp.net": {},
    "120363298290708047@g.us": {},
    "6289602541152@s.whatsapp.net": {},
    "120363376649593347@g.us": {},
    "120363350407125838@g.us": {},
    "120363362589880822@g.us": {},
    "120363371848944797@g.us": {},
    "120363383638046517@g.us": {},
    "120363297314470847@newsletter": {},
    "120363318521671268@newsletter": {},
    "120363315518781728@newsletter": {},
    "120363385220231040@newsletter": {},
    "120363393239878871@g.us": {},
    "120363360961817165@newsletter": {},
    "120363365027834287@g.us": {},
    "120363382713551494@g.us": {},
    "120363381288267213@newsletter": {},
    "120363305304375154@g.us": {},
    "6281292637702@s.whatsapp.net": {},
    "120363284341296942@g.us": {},
    "120363335989645846@newsletter": {},
    "6288216296735@s.whatsapp.net": {},
    "6288802609961@s.whatsapp.net": {},
    "120363371073997528@newsletter": {},
    "120363365163628494@g.us": {},
    "120363302300391738@newsletter": {},
    "120363378314087120@g.us": {},
    "120363334407385141@g.us": {},
    "120363383535749535@g.us": {},
    "62882006287214@s.whatsapp.net": {},
    "120363389760553665@g.us": {},
    "6283181003249@s.whatsapp.net": {},
    "6289507162175@s.whatsapp.net": {},
    "6285333560949@s.whatsapp.net": {},
    "6285894151248@s.whatsapp.net": {},
    "6281361988244@s.whatsapp.net": {},
    "120363385695602875@g.us": {},
    "6282123696413@s.whatsapp.net": {},
    "6285808282968@s.whatsapp.net": {},
    "6285782080387@s.whatsapp.net": {},
    "6285270524495@s.whatsapp.net": {},
    "6283830669464@s.whatsapp.net": {},
    "6285134530288@s.whatsapp.net": {},
    "6285137487994@s.whatsapp.net": {},
    "6285748533018@s.whatsapp.net": {},
    "6281267397363@s.whatsapp.net": {},
    "628811456039@s.whatsapp.net": {},
    "13135550002@s.whatsapp.net": {},
    "6281396999121@s.whatsapp.net": {},
    "6283129273340@s.whatsapp.net": {},
    "6285792874515@s.whatsapp.net": {},
    "628563851464@s.whatsapp.net": {},
    "6283895883216@s.whatsapp.net": {},
    "6285176915043@s.whatsapp.net": {},
    "6285137185436@s.whatsapp.net": {},
    "6281293212267@s.whatsapp.net": {},
    "60177881824@s.whatsapp.net": {},
    "6285879581278@s.whatsapp.net": {},
    "120363311005764445@newsletter": {},
    "120363344726756205@newsletter": {},
    "120363359215722322@newsletter": {},
    "120363213246579218@newsletter": {},
    "120363333089368399@newsletter": {},
    "120363262567524614@newsletter": {}
  },
  "game": {},
  "data": {},
  "settings": {
    "601118979616@s.whatsapp.net": {
      "status": 0,
      "stock": 10,
      "public": false,
      "menuType": "buttonImage"
    },
    "6289602541152@s.whatsapp.net": {
      "status": 0,
      "stock": 10,
      "autobio": true,
      "autoTyping": false,
      "autoRecord": true,
      "public": true,
      "setPrefix": "all",
      "onlygrub": false,
      "autoread": true,
      "menuType": "buttonImage"
    },
    "6281396999121@s.whatsapp.net": {
      "status": 0,
      "stock": 10,
      "autobio": true,
      "autoTyping": false,
      "autoRecord": true,
      "public": true,
      "setPrefix": "all",
      "onlygrub": false,
      "autoread": true,
      "menuType": "buttonImage"
    }
  },
  "setting": {},
  "others": {},
  "sticker": {},
  "database": {}
}